Time,OS,DS
2022/1/1 12:00:01,31,58
2022/1/1 12:00:02,22,91
2022/1/1 12:00:03,56,13
2022/1/1 12:00:04,77,1
2022/1/1 12:00:05,49,55
2022/1/1 12:00:06,12,33
2022/1/1 12:00:07,33,74
2022/1/1 12:00:08,62,15
2022/1/1 12:00:09,34,67
2022/1/1 12:00:10,97,96
2022/1/1 12:00:11,21,82
2022/1/1 12:00:12,9,95
2022/1/1 12:00:13,1,53
2022/1/1 12:00:14,26,77
2022/1/1 12:00:15,49,70
2022/1/1 12:00:16,25,99
2022/1/1 12:00:17,76,77
2022/1/1 12:00:18,43,37
2022/1/1 12:00:19,100,33
2022/1/1 12:00:20,11,32
2022/1/1 12:00:21,96,48
2022/1/1 12:00:22,37,18
2022/1/1 12:00:23,70,96
2022/1/1 12:00:24,30,90
2022/1/1 12:00:25,73,76
2022/1/1 12:00:26,33,18
2022/1/1 12:00:27,60,46
2022/1/1 12:00:28,14,19
2022/1/1 12:00:29,36,25
2022/1/1 12:00:30,12,49
2022/1/1 12:00:31,96,55
2022/1/1 12:00:32,97,46
2022/1/1 12:00:33,48,20
2022/1/1 12:00:34,83,47
2022/1/1 12:00:35,32,23
2022/1/1 12:00:36,82,77
2022/1/1 12:00:37,8,11
2022/1/1 12:00:38,99,69
2022/1/1 12:00:39,45,4
2022/1/1 12:00:40,51,85
2022/1/1 12:00:41,81,75
2022/1/1 12:00:42,95,71
2022/1/1 12:00:43,89,70
2022/1/1 12:00:44,46,100
2022/1/1 12:00:45,91,45
2022/1/1 12:00:46,75,73
2022/1/1 12:00:47,78,58
2022/1/1 12:00:48,65,39
2022/1/1 12:00:49,58,64
2022/1/1 12:00:50,90,5
2022/1/1 12:00:51,43,63
2022/1/1 12:00:52,80,66
2022/1/1 12:00:53,63,5
2022/1/1 12:00:54,26,93
2022/1/1 12:00:55,68,78
2022/1/1 12:00:56,22,77
2022/1/1 12:00:57,17,57
2022/1/1 12:00:58,54,97
2022/1/1 12:00:59,59,41
2022/1/1 12:01:00,43,74
2022/1/1 12:01:01,79,73
2022/1/1 12:01:02,67,7
2022/1/1 12:01:03,11,41
2022/1/1 12:01:04,88,68
2022/1/1 12:01:05,5,76
2022/1/1 12:01:06,78,42
2022/1/1 12:01:07,51,70
2022/1/1 12:01:08,39,59
2022/1/1 12:01:09,85,95
2022/1/1 12:01:10,54,18
2022/1/1 12:01:11,85,92
2022/1/1 12:01:12,57,73
2022/1/1 12:01:13,2,66
2022/1/1 12:01:14,44,44
2022/1/1 12:01:15,15,76
2022/1/1 12:01:16,42,50
2022/1/1 12:01:17,23,97
2022/1/1 12:01:18,15,2
2022/1/1 12:01:19,94,83
2022/1/1 12:01:20,13,61
2022/1/1 12:01:21,95,87
2022/1/1 12:01:22,21,51
2022/1/1 12:01:23,67,39
2022/1/1 12:01:24,30,51
2022/1/1 12:01:25,100,55
2022/1/1 12:01:26,19,79
2022/1/1 12:01:27,47,58
2022/1/1 12:01:28,39,52
2022/1/1 12:01:29,78,18
2022/1/1 12:01:30,40,11
2022/1/1 12:01:31,12,90
2022/1/1 12:01:32,68,6
2022/1/1 12:01:33,37,94
2022/1/1 12:01:34,80,98
2022/1/1 12:01:35,14,35
2022/1/1 12:01:36,26,29
2022/1/1 12:01:37,22,82
2022/1/1 12:01:38,78,51
2022/1/1 12:01:39,60,91
2022/1/1 12:01:40,78,99
2022/1/1 12:01:40,36,53
2022/1/1 12:01:41,67,69
2022/1/1 12:01:42,91,21
2022/1/1 12:01:43,22,63
2022/1/1 12:01:44,85,9
2022/1/1 12:01:45,60,3
2022/1/1 12:01:46,8,57
2022/1/1 12:01:47,28,44
2022/1/1 12:01:48,49,65
2022/1/1 12:01:49,46,21
2022/1/1 12:01:50,46,13
2022/1/1 12:01:51,82,84
2022/1/1 12:01:52,72,77
2022/1/1 12:01:53,67,41
2022/1/1 12:01:54,28,17
2022/1/1 12:01:55,14,12
2022/1/1 12:01:56,11,50
2022/1/1 12:01:57,36,78
2022/1/1 12:01:58,37,48
2022/1/1 12:01:59,41,54
2022/1/1 12:02:00,26,66
2022/1/1 12:02:01,89,59
2022/1/1 12:02:02,95,71
2022/1/1 12:02:03,90,91
2022/1/1 12:02:04,54,15
2022/1/1 12:02:05,6,53
2022/1/1 12:02:06,39,64
2022/1/1 12:02:07,64,76
2022/1/1 12:02:08,96,59
2022/1/1 12:02:09,96,86
2022/1/1 12:02:10,26,10
2022/1/1 12:02:11,19,59
2022/1/1 12:02:12,95,1
2022/1/1 12:02:13,59,51
2022/1/1 12:02:14,37,42
2022/1/1 12:02:15,83,1
2022/1/1 12:02:16,85,68
2022/1/1 12:02:17,69,20
2022/1/1 12:02:18,10,47
2022/1/1 12:02:19,78,6
2022/1/1 12:02:20,56,92
2022/1/1 12:02:21,90,75
2022/1/1 12:02:22,42,27
2022/1/1 12:02:23,12,16
2022/1/1 12:02:24,39,7
2022/1/1 12:02:25,61,4
2022/1/1 12:02:26,73,75
2022/1/1 12:02:27,96,9
2022/1/1 12:02:28,98,12
2022/1/1 12:02:29,15,99
2022/1/1 12:02:30,57,15
2022/1/1 12:02:31,71,69
2022/1/1 12:02:32,73,30
2022/1/1 12:02:33,2,65
2022/1/1 12:02:34,69,94
2022/1/1 12:02:35,22,12
2022/1/1 12:02:36,69,82
2022/1/1 12:02:37,74,3
2022/1/1 12:02:38,44,2
2022/1/1 12:02:39,88,36
2022/1/1 12:02:40,59,91
2022/1/1 12:02:41,13,81
2022/1/1 12:02:42,92,46
2022/1/1 12:02:43,83,77
2022/1/1 12:02:44,49,93
2022/1/1 12:02:45,11,48
2022/1/1 12:02:46,73,3
2022/1/1 12:02:47,56,7
2022/1/1 12:02:48,65,23
2022/1/1 12:02:49,26,70
2022/1/1 12:02:50,86,24
2022/1/1 12:02:51,68,51
2022/1/1 12:02:52,72,67
2022/1/1 12:02:53,25,3
2022/1/1 12:02:54,18,39
2022/1/1 12:02:55,63,14
2022/1/1 12:02:56,19,17
2022/1/1 12:02:57,5,8
2022/1/1 12:02:58,69,54
2022/1/1 12:02:59,81,27
2022/1/1 12:03:00,34,89
2022/1/1 12:03:01,14,32
2022/1/1 12:03:02,90,84
2022/1/1 12:03:03,78,83
2022/1/1 12:03:04,4,96
2022/1/1 12:03:05,39,54
2022/1/1 12:03:06,84,64
2022/1/1 12:03:07,79,28
2022/1/1 12:03:08,62,15
2022/1/1 12:03:09,76,81
2022/1/1 12:03:10,48,36
2022/1/1 12:03:11,57,43
2022/1/1 12:03:12,98,45
2022/1/1 12:03:13,59,87
2022/1/1 12:03:14,29,100
2022/1/1 12:03:15,9,85
2022/1/1 12:03:16,17,64
2022/1/1 12:03:17,83,73
2022/1/1 12:03:18,73,97
2022/1/1 12:03:19,95,1
2022/1/1 12:03:20,96,90
2022/1/1 12:03:21,52,34
2022/1/1 12:03:22,54,94
2022/1/1 12:03:23,9,34
2022/1/1 12:03:24,100,57
2022/1/1 12:03:25,93,18
2022/1/1 12:03:26,43,52
2022/1/1 12:03:27,71,99
2022/1/1 12:03:28,39,33
2022/1/1 12:03:29,63,56
2022/1/1 12:03:30,55,80
2022/1/1 12:03:31,45,30
2022/1/1 12:03:32,11,94
2022/1/1 12:03:33,29,19
2022/1/1 12:03:34,91,35
2022/1/1 12:03:35,16,87
2022/1/1 12:03:36,53,17
2022/1/1 12:03:37,47,8
2022/1/1 12:03:38,1,70
2022/1/1 12:03:39,81,12
2022/1/1 12:03:40,94,4
2022/1/1 12:03:41,89,6
2022/1/1 12:03:42,32,35
2022/1/1 12:03:43,86,58
2022/1/1 12:03:44,42,52
2022/1/1 12:03:45,2,98
2022/1/1 12:03:46,17,54
2022/1/1 12:03:47,13,5
2022/1/1 12:03:48,52,6
2022/1/1 12:03:49,79,76
2022/1/1 12:03:50,65,4
2022/1/1 12:03:51,88,6
2022/1/1 12:03:52,35,44
2022/1/1 12:03:53,44,94
2022/1/1 12:03:54,94,60
2022/1/1 12:03:55,71,77
2022/1/1 12:03:56,92,2
2022/1/1 12:03:57,61,75
2022/1/1 12:03:58,54,44
2022/1/1 12:03:59,46,21
2022/1/1 12:04:00,89,61
2022/1/1 12:04:01,54,81
2022/1/1 12:04:02,81,32
2022/1/1 12:04:03,53,19
2022/1/1 12:04:04,15,66
2022/1/1 12:04:05,47,14
2022/1/1 12:04:06,19,37
2022/1/1 12:04:07,94,88
2022/1/1 12:04:08,13,22
2022/1/1 12:04:09,34,87
2022/1/1 12:04:10,60,67
2022/1/1 12:04:11,60,13
2022/1/1 12:04:12,16,32
2022/1/1 12:04:13,44,25
2022/1/1 12:04:14,31,33
2022/1/1 12:04:15,74,62
2022/1/1 12:04:16,12,69
2022/1/1 12:04:17,42,63
2022/1/1 12:04:18,96,98
2022/1/1 12:04:19,9,58
2022/1/1 12:04:20,19,17
2022/1/1 12:04:21,83,20
2022/1/1 12:04:22,44,16
2022/1/1 12:04:23,20,46
2022/1/1 12:04:24,33,8
2022/1/1 12:04:25,36,10
2022/1/1 12:04:26,47,58
2022/1/1 12:04:27,72,42
2022/1/1 12:04:28,11,42
2022/1/1 12:04:29,65,3
2022/1/1 12:04:30,36,10
2022/1/1 12:04:31,94,64
2022/1/1 12:04:32,59,45
2022/1/1 12:04:33,99,61
2022/1/1 12:04:34,48,3
2022/1/1 12:04:35,97,45
2022/1/1 12:04:36,9,13
2022/1/1 12:04:37,92,61
2022/1/1 12:04:38,3,94
2022/1/1 12:04:39,55,24
2022/1/1 12:04:40,86,31
2022/1/1 12:04:41,82,43
2022/1/1 12:04:42,53,46
2022/1/1 12:04:43,56,55
2022/1/1 12:04:44,41,98
2022/1/1 12:04:45,50,91
2022/1/1 12:04:46,7,43
2022/1/1 12:04:47,70,59
2022/1/1 12:04:48,24,28
2022/1/1 12:04:49,75,23
2022/1/1 12:04:50,14,2
2022/1/1 12:04:51,20,49
2022/1/1 12:04:52,36,78
2022/1/1 12:04:53,3,84
2022/1/1 12:04:54,77,90
2022/1/1 12:04:55,20,4
2022/1/1 12:04:56,81,15
2022/1/1 12:04:57,84,30
2022/1/1 12:04:58,4,88
2022/1/1 12:04:59,6,36
2022/1/1 12:04:59,11,22
2022/1/1 12:05:00,30,99
2022/1/1 12:05:01,66,24
2022/1/1 12:05:02,80,88
2022/1/1 12:05:03,8,85
2022/1/1 12:05:04,8,50
2022/1/1 12:05:05,81,35
2022/1/1 12:05:06,16,71
2022/1/1 12:05:07,45,9
2022/1/1 12:05:08,3,91
2022/1/1 12:05:09,10,9
2022/1/1 12:05:10,93,8
2022/1/1 12:05:11,40,93
2022/1/1 12:05:12,75,47
2022/1/1 12:05:13,14,71
2022/1/1 12:05:14,26,87
2022/1/1 12:05:15,56,37
2022/1/1 12:05:16,99,72
2022/1/1 12:05:17,21,55
2022/1/1 12:05:18,48,67
2022/1/1 12:05:19,87,10
2022/1/1 12:05:20,14,40
2022/1/1 12:05:21,26,76
2022/1/1 12:05:22,28,36
2022/1/1 12:05:23,9,90
2022/1/1 12:05:24,76,49
2022/1/1 12:05:25,17,60
2022/1/1 12:05:26,20,85
2022/1/1 12:05:27,5,90
2022/1/1 12:05:28,42,21
2022/1/1 12:05:29,67,93
2022/1/1 12:05:30,40,15
2022/1/1 12:05:31,16,68
2022/1/1 12:05:32,74,66
2022/1/1 12:05:33,57,14
2022/1/1 12:05:34,26,53
2022/1/1 12:05:35,67,71
2022/1/1 12:05:36,56,24
2022/1/1 12:05:37,81,35
2022/1/1 12:05:38,67,58
2022/1/1 12:05:39,2,66
2022/1/1 12:05:40,91,55
2022/1/1 12:05:41,62,47
2022/1/1 12:05:42,90,75
2022/1/1 12:05:43,5,23
2022/1/1 12:05:44,48,3
2022/1/1 12:05:45,91,10
2022/1/1 12:05:46,88,41
2022/1/1 12:05:47,17,14
2022/1/1 12:05:48,70,53
2022/1/1 12:05:49,74,81
2022/1/1 12:05:50,24,94
2022/1/1 12:05:51,82,58
2022/1/1 12:05:52,30,66
2022/1/1 12:05:53,44,39
2022/1/1 12:05:54,66,67
2022/1/1 12:05:55,99,94
2022/1/1 12:05:56,91,77
2022/1/1 12:05:57,16,85
2022/1/1 12:05:58,88,40
2022/1/1 12:05:59,12,2
2022/1/1 12:06:00,90,76
2022/1/1 12:06:01,76,65
2022/1/1 12:06:02,60,79
2022/1/1 12:06:03,52,2
2022/1/1 12:06:04,52,53
2022/1/1 12:06:05,27,14
2022/1/1 12:06:06,96,71
2022/1/1 12:06:07,71,92
2022/1/1 12:06:08,98,46
2022/1/1 12:06:09,90,39
2022/1/1 12:06:10,46,18
2022/1/1 12:06:11,35,29
2022/1/1 12:06:12,88,90
2022/1/1 12:06:13,97,14
2022/1/1 12:06:14,78,15
2022/1/1 12:06:15,48,25
2022/1/1 12:06:16,93,2
2022/1/1 12:06:17,47,39
2022/1/1 12:06:18,38,24
2022/1/1 12:06:19,47,83
2022/1/1 12:06:20,32,50
2022/1/1 12:06:21,84,81
2022/1/1 12:06:22,34,65
2022/1/1 12:06:23,66,28
2022/1/1 12:06:24,79,19
2022/1/1 12:06:25,33,64
2022/1/1 12:06:26,92,21
2022/1/1 12:06:27,81,50
2022/1/1 12:06:28,61,83
2022/1/1 12:06:29,96,2
2022/1/1 12:06:30,12,41
2022/1/1 12:06:31,49,25
2022/1/1 12:06:32,57,76
2022/1/1 12:06:33,53,96
2022/1/1 12:06:34,17,50
2022/1/1 12:06:35,44,92
2022/1/1 12:06:36,60,48
2022/1/1 12:06:37,31,66
2022/1/1 12:06:38,87,91
2022/1/1 12:06:39,20,79
2022/1/1 12:06:40,20,60
2022/1/1 12:06:41,27,21
2022/1/1 12:06:42,50,66
2022/1/1 12:06:43,97,100
2022/1/1 12:06:44,35,24
2022/1/1 12:06:45,92,26
2022/1/1 12:06:46,65,59
2022/1/1 12:06:47,95,33
2022/1/1 12:06:48,75,95
2022/1/1 12:06:49,6,80
2022/1/1 12:06:50,48,28
2022/1/1 12:06:51,23,27
2022/1/1 12:06:52,32,21
2022/1/1 12:06:53,41,51
2022/1/1 12:06:54,77,96
2022/1/1 12:06:55,96,95
2022/1/1 12:06:56,43,41
2022/1/1 12:06:57,57,49
2022/1/1 12:06:58,3,93
2022/1/1 12:06:59,93,46
2022/1/1 12:07:00,81,12
2022/1/1 12:07:01,19,79
2022/1/1 12:07:02,98,46
2022/1/1 12:07:03,45,83
2022/1/1 12:07:04,45,59
2022/1/1 12:07:05,6,51
2022/1/1 12:07:06,20,71
2022/1/1 12:07:07,88,25
2022/1/1 12:07:08,55,12
2022/1/1 12:07:09,99,25
2022/1/1 12:07:10,1,67
2022/1/1 12:07:11,41,84
2022/1/1 12:07:12,37,85
2022/1/1 12:07:13,65,79
2022/1/1 12:07:14,100,10
2022/1/1 12:07:15,53,95
2022/1/1 12:07:16,64,46
2022/1/1 12:07:17,29,86
2022/1/1 12:07:18,29,5
2022/1/1 12:07:19,24,17
2022/1/1 12:07:20,73,73
2022/1/1 12:07:21,27,40
2022/1/1 12:07:22,37,50
2022/1/1 12:07:23,100,28
2022/1/1 12:07:24,25,98
2022/1/1 12:07:25,37,97
2022/1/1 12:07:26,83,73
2022/1/1 12:07:27,55,72
2022/1/1 12:07:28,85,44
2022/1/1 12:07:29,3,92
2022/1/1 12:07:30,64,70
2022/1/1 12:07:31,75,30
2022/1/1 12:07:32,68,90
2022/1/1 12:07:33,98,82
2022/1/1 12:07:34,90,99
2022/1/1 12:07:35,69,36
2022/1/1 12:07:36,96,81
2022/1/1 12:07:37,18,40
2022/1/1 12:07:38,58,97
2022/1/1 12:07:39,50,4
2022/1/1 12:07:40,80,16
2022/1/1 12:07:41,55,30
2022/1/1 12:07:42,2,17
2022/1/1 12:07:43,61,3
2022/1/1 12:07:44,14,8
2022/1/1 12:07:45,51,95
2022/1/1 12:07:46,77,72
2022/1/1 12:07:47,72,34
2022/1/1 12:07:48,42,68
2022/1/1 12:07:49,56,32
2022/1/1 12:07:50,67,77
2022/1/1 12:07:51,18,35
2022/1/1 12:07:52,2,57
2022/1/1 12:07:53,56,51
2022/1/1 12:07:54,25,11
2022/1/1 12:07:55,3,60
2022/1/1 12:07:56,76,97
2022/1/1 12:07:57,68,58
2022/1/1 12:07:58,11,12
2022/1/1 12:07:59,84,70
2022/1/1 12:08:00,26,73
2022/1/1 12:08:01,71,60
2022/1/1 12:08:02,70,35
2022/1/1 12:08:03,49,4
2022/1/1 12:08:04,24,35
2022/1/1 12:08:05,76,69
2022/1/1 12:08:06,22,47
2022/1/1 12:08:07,94,24
2022/1/1 12:08:08,55,75
2022/1/1 12:08:09,32,61
2022/1/1 12:08:10,36,37
2022/1/1 12:08:11,2,89
2022/1/1 12:08:12,31,60
2022/1/1 12:08:13,75,24
2022/1/1 12:08:14,35,83
2022/1/1 12:08:15,72,33
2022/1/1 12:08:16,57,14
2022/1/1 12:08:17,24,70
2022/1/1 12:08:18,54,45
2022/1/1 12:08:18,34,41
2022/1/1 12:08:19,89,67
2022/1/1 12:08:20,62,59
2022/1/1 12:08:21,42,37
2022/1/1 12:08:22,6,87
2022/1/1 12:08:23,5,11
2022/1/1 12:08:24,88,42
2022/1/1 12:08:25,13,80
2022/1/1 12:08:26,9,3
2022/1/1 12:08:27,83,73
2022/1/1 12:08:28,59,68
2022/1/1 12:08:29,14,89
2022/1/1 12:08:30,3,97
2022/1/1 12:08:31,30,60
2022/1/1 12:08:32,75,74
2022/1/1 12:08:33,33,45
2022/1/1 12:08:34,1,34
2022/1/1 12:08:35,24,28
2022/1/1 12:08:36,42,45
2022/1/1 12:08:37,14,66
2022/1/1 12:08:38,80,28
2022/1/1 12:08:39,35,68
2022/1/1 12:08:40,59,40
2022/1/1 12:08:41,90,43
2022/1/1 12:08:42,28,30
2022/1/1 12:08:43,55,69
2022/1/1 12:08:44,79,95
2022/1/1 12:08:45,6,56
2022/1/1 12:08:46,87,74
2022/1/1 12:08:47,47,26
2022/1/1 12:08:48,7,41
2022/1/1 12:08:49,51,31
2022/1/1 12:08:50,40,77
2022/1/1 12:08:51,12,32
2022/1/1 12:08:52,5,75
2022/1/1 12:08:53,48,71
2022/1/1 12:08:54,43,50
2022/1/1 12:08:55,81,60
2022/1/1 12:08:56,13,48
2022/1/1 12:08:57,6,9
2022/1/1 12:08:58,28,41
2022/1/1 12:08:59,55,5
2022/1/1 12:09:00,93,48
2022/1/1 12:09:01,75,39
2022/1/1 12:09:02,33,45
2022/1/1 12:09:03,36,97
2022/1/1 12:09:04,73,89
2022/1/1 12:09:05,68,90
2022/1/1 12:09:06,87,31
2022/1/1 12:09:07,45,75
2022/1/1 12:09:08,91,89
2022/1/1 12:09:09,41,87
2022/1/1 12:09:10,81,49
2022/1/1 12:09:11,39,100
2022/1/1 12:09:12,92,33
2022/1/1 12:09:13,24,75
2022/1/1 12:09:14,25,5
2022/1/1 12:09:15,13,11
2022/1/1 12:09:16,70,70
2022/1/1 12:09:17,86,42
2022/1/1 12:09:18,1,62
2022/1/1 12:09:19,62,79
2022/1/1 12:09:20,65,23
2022/1/1 12:09:21,86,73
2022/1/1 12:09:22,90,93
2022/1/1 12:09:23,89,91
2022/1/1 12:09:24,48,32
2022/1/1 12:09:25,9,22
2022/1/1 12:09:26,42,28
2022/1/1 12:09:27,5,27
2022/1/1 12:09:28,36,20
2022/1/1 12:09:29,57,22
2022/1/1 12:09:30,31,67
2022/1/1 12:09:31,10,24
2022/1/1 12:09:32,31,49
2022/1/1 12:09:33,90,6
2022/1/1 12:09:34,13,46
2022/1/1 12:09:35,67,67
2022/1/1 12:09:36,59,67
2022/1/1 12:09:37,69,86
2022/1/1 12:09:38,2,79
2022/1/1 12:09:39,13,75
2022/1/1 12:09:40,92,6
2022/1/1 12:09:41,31,29
2022/1/1 12:09:42,16,37
2022/1/1 12:09:43,3,50
2022/1/1 12:09:44,22,68
2022/1/1 12:09:45,43,71
2022/1/1 12:09:46,4,35
2022/1/1 12:09:47,20,41
2022/1/1 12:09:48,70,62
2022/1/1 12:09:49,22,84
2022/1/1 12:09:50,35,17
2022/1/1 12:09:51,15,40
2022/1/1 12:09:52,19,60
2022/1/1 12:09:53,40,14
2022/1/1 12:09:54,88,44
2022/1/1 12:09:55,23,49
2022/1/1 12:09:56,59,22
2022/1/1 12:09:57,46,35
2022/1/1 12:09:58,54,67
2022/1/1 12:09:59,89,15
2022/1/1 12:10:00,13,25
2022/1/1 12:10:01,67,31
2022/1/1 12:10:02,78,8
2022/1/1 12:10:03,54,23
2022/1/1 12:10:04,38,42
2022/1/1 12:10:05,82,65
2022/1/1 12:10:06,70,25
2022/1/1 12:10:07,10,17
2022/1/1 12:10:08,17,77
2022/1/1 12:10:09,31,7
2022/1/1 12:10:10,81,17
2022/1/1 12:10:11,95,40
2022/1/1 12:10:12,35,85
2022/1/1 12:10:13,13,80
2022/1/1 12:10:14,1,5
2022/1/1 12:10:15,96,94
2022/1/1 12:10:16,49,84
2022/1/1 12:10:17,82,52
2022/1/1 12:10:18,24,8
2022/1/1 12:10:19,31,12
2022/1/1 12:10:20,80,11
2022/1/1 12:10:21,80,22
2022/1/1 12:10:22,37,14
2022/1/1 12:10:23,6,71
2022/1/1 12:10:24,68,58
2022/1/1 12:10:25,85,77
2022/1/1 12:10:26,19,55
2022/1/1 12:10:27,31,6
2022/1/1 12:10:28,68,45
2022/1/1 12:10:29,58,74
2022/1/1 12:10:30,89,58
2022/1/1 12:10:31,63,34
2022/1/1 12:10:32,100,74
2022/1/1 12:10:33,36,3
2022/1/1 12:10:34,47,46
2022/1/1 12:10:35,13,82
2022/1/1 12:10:36,20,72
2022/1/1 12:10:37,58,53
2022/1/1 12:10:38,85,34
2022/1/1 12:10:39,18,23
2022/1/1 12:10:40,50,85
2022/1/1 12:10:41,51,70
2022/1/1 12:10:42,55,82
2022/1/1 12:10:43,97,33
2022/1/1 12:10:44,26,92
2022/1/1 12:10:45,67,50
2022/1/1 12:10:46,55,28
2022/1/1 12:10:47,1,4
2022/1/1 12:10:48,48,80
2022/1/1 12:10:49,68,86
2022/1/1 12:10:50,46,77
2022/1/1 12:10:51,34,49
2022/1/1 12:10:52,64,27
2022/1/1 12:10:53,2,53
2022/1/1 12:10:54,86,51
2022/1/1 12:10:55,4,48
2022/1/1 12:10:56,85,50
2022/1/1 12:10:57,57,6
2022/1/1 12:10:58,16,90
2022/1/1 12:10:59,63,97
2022/1/1 12:11:00,71,31
2022/1/1 12:11:01,54,50
2022/1/1 12:11:02,60,31
2022/1/1 12:11:03,23,2
2022/1/1 12:11:04,94,71
2022/1/1 12:11:05,73,12
2022/1/1 12:11:06,35,59
2022/1/1 12:11:07,96,52
2022/1/1 12:11:08,69,22
2022/1/1 12:11:09,88,16
2022/1/1 12:11:10,64,21
2022/1/1 12:11:11,21,75
2022/1/1 12:11:12,72,46
2022/1/1 12:11:13,45,90
2022/1/1 12:11:14,30,50
2022/1/1 12:11:15,99,46
2022/1/1 12:11:16,72,14
2022/1/1 12:11:17,20,92
2022/1/1 12:11:18,7,53
2022/1/1 12:11:19,81,38
2022/1/1 12:11:20,58,62
2022/1/1 12:11:21,75,83
2022/1/1 12:11:22,24,50
2022/1/1 12:11:23,41,38
2022/1/1 12:11:24,3,31
2022/1/1 12:11:25,46,14
2022/1/1 12:11:26,3,20
2022/1/1 12:11:27,90,61
2022/1/1 12:11:28,63,58
2022/1/1 12:11:29,34,97
2022/1/1 12:11:30,34,84
2022/1/1 12:11:31,21,46
2022/1/1 12:11:32,53,14
2022/1/1 12:11:33,89,81
2022/1/1 12:11:34,75,59
2022/1/1 12:11:35,12,98
2022/1/1 12:11:36,11,38
2022/1/1 12:11:37,4,54
2022/1/1 12:11:37,15,87
2022/1/1 12:11:38,72,17
2022/1/1 12:11:39,14,92
2022/1/1 12:11:40,47,50
2022/1/1 12:11:41,42,47
2022/1/1 12:11:42,28,23
2022/1/1 12:11:43,41,11
2022/1/1 12:11:44,98,97
2022/1/1 12:11:45,42,40
2022/1/1 12:11:46,69,28
2022/1/1 12:11:47,38,92
2022/1/1 12:11:48,77,15
2022/1/1 12:11:49,46,73
2022/1/1 12:11:50,56,24
2022/1/1 12:11:51,9,25
2022/1/1 12:11:52,27,63
2022/1/1 12:11:53,79,20
2022/1/1 12:11:54,68,45
2022/1/1 12:11:55,95,40
2022/1/1 12:11:56,97,47
2022/1/1 12:11:57,55,26
2022/1/1 12:11:58,15,73
2022/1/1 12:11:59,31,5
2022/1/1 12:12:00,58,28
2022/1/1 12:12:01,75,86
2022/1/1 12:12:02,99,93
2022/1/1 12:12:03,68,11
2022/1/1 12:12:04,5,89
2022/1/1 12:12:05,19,98
2022/1/1 12:12:06,88,42
2022/1/1 12:12:07,24,75
2022/1/1 12:12:08,18,55
2022/1/1 12:12:09,74,72
2022/1/1 12:12:10,2,74
2022/1/1 12:12:11,27,12
2022/1/1 12:12:12,16,80
2022/1/1 12:12:13,38,50
2022/1/1 12:12:14,97,68
2022/1/1 12:12:15,66,84
2022/1/1 12:12:16,43,30
2022/1/1 12:12:17,32,94
2022/1/1 12:12:18,44,72
2022/1/1 12:12:19,33,37
2022/1/1 12:12:20,83,10
2022/1/1 12:12:21,86,50
2022/1/1 12:12:22,32,48
2022/1/1 12:12:23,54,94
2022/1/1 12:12:24,15,75
2022/1/1 12:12:25,87,80
2022/1/1 12:12:26,95,42
2022/1/1 12:12:27,13,27
2022/1/1 12:12:28,55,48
2022/1/1 12:12:29,47,88
2022/1/1 12:12:30,69,96
2022/1/1 12:12:31,38,97
2022/1/1 12:12:32,81,43
2022/1/1 12:12:33,58,96
2022/1/1 12:12:34,91,12
2022/1/1 12:12:35,93,13
2022/1/1 12:12:36,9,27
2022/1/1 12:12:37,68,28
2022/1/1 12:12:38,27,49
2022/1/1 12:12:39,7,39
2022/1/1 12:12:40,18,7
2022/1/1 12:12:41,50,19
2022/1/1 12:12:42,59,17
2022/1/1 12:12:43,78,21
2022/1/1 12:12:44,16,30
2022/1/1 12:12:45,74,48
2022/1/1 12:12:46,87,58
2022/1/1 12:12:47,35,81
2022/1/1 12:12:48,3,5
2022/1/1 12:12:49,67,3
2022/1/1 12:12:50,1,7
2022/1/1 12:12:51,64,83
2022/1/1 12:12:52,42,19
2022/1/1 12:12:53,70,73
2022/1/1 12:12:54,12,100
2022/1/1 12:12:55,8,20
2022/1/1 12:12:56,96,94
2022/1/1 12:12:57,13,5
2022/1/1 12:12:58,47,86
2022/1/1 12:12:59,74,17
2022/1/1 12:13:00,70,24
2022/1/1 12:13:01,59,71
2022/1/1 12:13:02,51,81
2022/1/1 12:13:03,81,26
2022/1/1 12:13:04,97,4
2022/1/1 12:13:05,67,67
2022/1/1 12:13:06,74,11
2022/1/1 12:13:07,25,40
2022/1/1 12:13:08,43,26
2022/1/1 12:13:09,30,51
2022/1/1 12:13:10,71,69
2022/1/1 12:13:11,70,15
2022/1/1 12:13:12,53,31
2022/1/1 12:13:13,66,64
2022/1/1 12:13:14,24,99
2022/1/1 12:13:15,40,48
2022/1/1 12:13:16,100,66
2022/1/1 12:13:17,46,79
2022/1/1 12:13:18,64,78
2022/1/1 12:13:19,78,3
2022/1/1 12:13:20,3,15
2022/1/1 12:13:21,20,33
2022/1/1 12:13:22,65,72
2022/1/1 12:13:23,41,25
2022/1/1 12:13:24,32,62
2022/1/1 12:13:25,81,49
2022/1/1 12:13:26,33,87
2022/1/1 12:13:27,97,89
2022/1/1 12:13:28,25,58
2022/1/1 12:13:29,2,54
2022/1/1 12:13:30,64,11
2022/1/1 12:13:31,37,46
2022/1/1 12:13:32,30,67
2022/1/1 12:13:33,93,94
2022/1/1 12:13:34,29,6
2022/1/1 12:13:35,97,45
2022/1/1 12:13:36,31,48
2022/1/1 12:13:37,9,48
2022/1/1 12:13:38,10,82
2022/1/1 12:13:39,92,50
2022/1/1 12:13:40,17,21
2022/1/1 12:13:41,41,58
2022/1/1 12:13:42,91,6
2022/1/1 12:13:43,51,93
2022/1/1 12:13:44,28,12
2022/1/1 12:13:45,32,4
2022/1/1 12:13:46,1,92
2022/1/1 12:13:47,12,56
2022/1/1 12:13:48,67,1
2022/1/1 12:13:49,39,35
2022/1/1 12:13:50,77,8
2022/1/1 12:13:51,37,14
2022/1/1 12:13:52,67,27
2022/1/1 12:13:53,46,44
2022/1/1 12:13:54,78,37
2022/1/1 12:13:55,21,95
2022/1/1 12:13:56,43,12
2022/1/1 12:13:57,75,45
2022/1/1 12:13:58,67,13
2022/1/1 12:13:59,94,51
2022/1/1 12:14:00,88,65
2022/1/1 12:14:01,99,32
2022/1/1 12:14:02,90,94
2022/1/1 12:14:03,45,62
2022/1/1 12:14:04,43,62
2022/1/1 12:14:05,100,22
2022/1/1 12:14:06,13,90
2022/1/1 12:14:07,29,44
2022/1/1 12:14:08,6,2
2022/1/1 12:14:09,72,32
2022/1/1 12:14:10,65,49
2022/1/1 12:14:11,8,79
2022/1/1 12:14:12,78,89
2022/1/1 12:14:13,33,5
2022/1/1 12:14:14,61,76
2022/1/1 12:14:15,94,92
2022/1/1 12:14:16,83,58
2022/1/1 12:14:17,71,51
2022/1/1 12:14:18,64,96
2022/1/1 12:14:19,93,27
2022/1/1 12:14:20,87,92
2022/1/1 12:14:21,8,73
2022/1/1 12:14:22,31,26
2022/1/1 12:14:23,55,81
2022/1/1 12:14:24,70,17
2022/1/1 12:14:25,25,65
2022/1/1 12:14:26,79,63
2022/1/1 12:14:27,41,10
2022/1/1 12:14:28,22,87
2022/1/1 12:14:29,81,72
2022/1/1 12:14:30,51,91
2022/1/1 12:14:31,57,98
2022/1/1 12:14:32,86,94
2022/1/1 12:14:33,3,47
2022/1/1 12:14:34,62,7
2022/1/1 12:14:35,54,75
2022/1/1 12:14:36,35,64
2022/1/1 12:14:37,42,37
2022/1/1 12:14:38,92,28
2022/1/1 12:14:39,1,48
2022/1/1 12:14:40,16,96
2022/1/1 12:14:41,25,70
2022/1/1 12:14:42,96,59
2022/1/1 12:14:43,25,100
2022/1/1 12:14:44,43,24
2022/1/1 12:14:45,58,13
2022/1/1 12:14:46,20,45
2022/1/1 12:14:47,5,47
2022/1/1 12:14:48,17,89
2022/1/1 12:14:49,62,68
2022/1/1 12:14:50,61,32
2022/1/1 12:14:51,92,81
2022/1/1 12:14:52,11,21
2022/1/1 12:14:53,1,29
2022/1/1 12:14:54,38,33
2022/1/1 12:14:55,98,9
2022/1/1 12:14:56,37,51
2022/1/1 12:14:56,79,7
2022/1/1 12:14:57,42,10
2022/1/1 12:14:58,55,40
2022/1/1 12:14:59,69,18
2022/1/1 12:15:00,66,95
2022/1/1 12:15:01,52,15
2022/1/1 12:15:02,56,56
2022/1/1 12:15:03,85,71
2022/1/1 12:15:04,36,34
2022/1/1 12:15:05,32,58
2022/1/1 12:15:06,73,97
2022/1/1 12:15:07,55,63
2022/1/1 12:15:08,16,58
2022/1/1 12:15:09,39,88
2022/1/1 12:15:10,78,93
2022/1/1 12:15:11,95,48
2022/1/1 12:15:12,30,54
2022/1/1 12:15:13,91,3
2022/1/1 12:15:14,98,8
2022/1/1 12:15:15,82,87
2022/1/1 12:15:16,36,23
2022/1/1 12:15:17,13,78
2022/1/1 12:15:18,35,6
2022/1/1 12:15:19,89,38
2022/1/1 12:15:20,28,46
2022/1/1 12:15:21,66,27
2022/1/1 12:15:22,61,65
2022/1/1 12:15:23,83,52
2022/1/1 12:15:24,15,2
2022/1/1 12:15:25,59,21
2022/1/1 12:15:26,73,3
2022/1/1 12:15:27,46,92
2022/1/1 12:15:28,75,77
2022/1/1 12:15:29,95,6
2022/1/1 12:15:30,10,69
2022/1/1 12:15:31,73,1
2022/1/1 12:15:32,6,83
2022/1/1 12:15:33,64,7
2022/1/1 12:15:34,23,28
2022/1/1 12:15:35,70,72
2022/1/1 12:15:36,34,42
2022/1/1 12:15:37,76,19
2022/1/1 12:15:38,77,85
2022/1/1 12:15:39,82,50
2022/1/1 12:15:40,98,76
2022/1/1 12:15:41,27,90
2022/1/1 12:15:42,37,78
2022/1/1 12:15:43,7,66
2022/1/1 12:15:44,73,58
2022/1/1 12:15:45,89,26
2022/1/1 12:15:46,70,99
2022/1/1 12:15:47,39,24
2022/1/1 12:15:48,3,84
2022/1/1 12:15:49,17,73
2022/1/1 12:15:50,95,60
2022/1/1 12:15:51,65,60
2022/1/1 12:15:52,2,72
2022/1/1 12:15:53,20,44
2022/1/1 12:15:54,1,32
2022/1/1 12:15:55,25,85
2022/1/1 12:15:56,81,83
2022/1/1 12:15:57,95,9
2022/1/1 12:15:58,76,100
2022/1/1 12:15:59,57,15
2022/1/1 12:16:00,47,23
2022/1/1 12:16:01,16,85
2022/1/1 12:16:02,52,77
2022/1/1 12:16:03,43,5
2022/1/1 12:16:04,27,5
2022/1/1 12:16:05,67,64
2022/1/1 12:16:06,73,20
2022/1/1 12:16:07,77,96
2022/1/1 12:16:08,80,16
2022/1/1 12:16:09,63,73
2022/1/1 12:16:10,72,60
2022/1/1 12:16:11,79,20
2022/1/1 12:16:12,86,17
2022/1/1 12:16:13,81,13
2022/1/1 12:16:14,41,89
2022/1/1 12:16:15,42,93
2022/1/1 12:16:16,53,97
2022/1/1 12:16:17,27,13
2022/1/1 12:16:18,44,90
2022/1/1 12:16:19,83,74
2022/1/1 12:16:20,36,71
2022/1/1 12:16:21,83,81
2022/1/1 12:16:22,49,45
2022/1/1 12:16:23,10,79
2022/1/1 12:16:24,29,64
2022/1/1 12:16:25,57,85
2022/1/1 12:16:26,71,41
2022/1/1 12:16:27,34,77
2022/1/1 12:16:28,53,88
2022/1/1 12:16:29,72,33
2022/1/1 12:16:30,92,87
2022/1/1 12:16:31,61,84
2022/1/1 12:16:32,51,26
2022/1/1 12:16:33,17,98
2022/1/1 12:16:34,54,84
2022/1/1 12:16:35,39,43
2022/1/1 12:16:36,73,5
2022/1/1 12:16:37,30,96
2022/1/1 12:16:38,58,22
2022/1/1 12:16:39,68,92
2022/1/1 12:16:40,87,91
2022/1/1 12:16:41,19,17
2022/1/1 12:16:42,58,4
2022/1/1 12:16:43,59,64
2022/1/1 12:16:44,33,18
2022/1/1 12:16:45,44,67
2022/1/1 12:16:46,81,38
2022/1/1 12:16:47,85,78
2022/1/1 12:16:48,21,3
2022/1/1 12:16:49,40,75
2022/1/1 12:16:50,49,27
2022/1/1 12:16:51,41,93
2022/1/1 12:16:52,20,52
2022/1/1 12:16:53,88,81
2022/1/1 12:16:54,39,67
2022/1/1 12:16:55,6,12
2022/1/1 12:16:56,34,83
2022/1/1 12:16:57,30,9
2022/1/1 12:16:58,48,86
2022/1/1 12:16:59,96,67
2022/1/1 12:17:00,39,23
2022/1/1 12:17:01,91,95
2022/1/1 12:17:02,42,40
2022/1/1 12:17:03,71,83
2022/1/1 12:17:04,35,14
2022/1/1 12:17:05,70,99
2022/1/1 12:17:06,72,37
2022/1/1 12:17:07,50,38
2022/1/1 12:17:08,12,54
2022/1/1 12:17:09,62,82
2022/1/1 12:17:10,12,31
2022/1/1 12:17:11,22,54
2022/1/1 12:17:12,95,43
2022/1/1 12:17:13,24,95
2022/1/1 12:17:14,46,41
2022/1/1 12:17:15,16,12
2022/1/1 12:17:16,29,3
2022/1/1 12:17:17,40,81
2022/1/1 12:17:18,76,17
2022/1/1 12:17:19,20,39
2022/1/1 12:17:20,53,57
2022/1/1 12:17:21,4,48
2022/1/1 12:17:22,15,22
2022/1/1 12:17:23,34,84
2022/1/1 12:17:24,82,9
2022/1/1 12:17:25,16,98
2022/1/1 12:17:26,37,95
2022/1/1 12:17:27,38,14
2022/1/1 12:17:28,72,58
2022/1/1 12:17:29,89,38
2022/1/1 12:17:30,34,42
2022/1/1 12:17:31,38,83
2022/1/1 12:17:32,75,83
2022/1/1 12:17:33,82,69
2022/1/1 12:17:34,17,48
2022/1/1 12:17:35,40,9
2022/1/1 12:17:36,9,1
2022/1/1 12:17:37,84,28
2022/1/1 12:17:38,36,18
2022/1/1 12:17:39,57,84
2022/1/1 12:17:40,96,89
2022/1/1 12:17:41,66,97
2022/1/1 12:17:42,10,58
2022/1/1 12:17:43,60,62
2022/1/1 12:17:44,23,77
2022/1/1 12:17:45,70,83
2022/1/1 12:17:46,64,96
2022/1/1 12:17:47,64,38
2022/1/1 12:17:48,83,68
2022/1/1 12:17:49,26,35
2022/1/1 12:17:50,74,73
2022/1/1 12:17:51,96,93
2022/1/1 12:17:52,71,45
2022/1/1 12:17:53,85,38
2022/1/1 12:17:54,11,89
2022/1/1 12:17:55,46,84
2022/1/1 12:17:56,67,1
2022/1/1 12:17:57,46,15
2022/1/1 12:17:58,54,88
2022/1/1 12:17:59,28,94
2022/1/1 12:18:00,18,72
2022/1/1 12:18:01,11,32
2022/1/1 12:18:02,79,24
2022/1/1 12:18:03,29,56
2022/1/1 12:18:04,79,19
2022/1/1 12:18:05,78,53
2022/1/1 12:18:06,60,85
2022/1/1 12:18:07,28,41
2022/1/1 12:18:08,62,52
2022/1/1 12:18:09,11,83
2022/1/1 12:18:10,75,3
2022/1/1 12:18:11,68,20
2022/1/1 12:18:12,59,56
2022/1/1 12:18:13,44,29
2022/1/1 12:18:14,95,66
2022/1/1 12:18:15,44,81
2022/1/1 12:18:15,71,13
2022/1/1 12:18:16,93,71
2022/1/1 12:18:17,40,73
2022/1/1 12:18:18,37,5
2022/1/1 12:18:19,8,4
2022/1/1 12:18:20,28,33
2022/1/1 12:18:21,44,65
2022/1/1 12:18:22,16,81
2022/1/1 12:18:23,12,62
2022/1/1 12:18:24,66,15
2022/1/1 12:18:25,33,70
2022/1/1 12:18:26,81,87
2022/1/1 12:18:27,40,75
2022/1/1 12:18:28,45,69
2022/1/1 12:18:29,53,59
2022/1/1 12:18:30,72,51
2022/1/1 12:18:31,78,17
2022/1/1 12:18:32,20,65
2022/1/1 12:18:33,72,83
2022/1/1 12:18:34,78,64
2022/1/1 12:18:35,53,76
2022/1/1 12:18:36,34,81
2022/1/1 12:18:37,99,33
2022/1/1 12:18:38,100,60
2022/1/1 12:18:39,53,86
2022/1/1 12:18:40,30,82
2022/1/1 12:18:41,14,7
2022/1/1 12:18:42,75,87
2022/1/1 12:18:43,70,93
2022/1/1 12:18:44,17,87
2022/1/1 12:18:45,29,69
2022/1/1 12:18:46,69,24
2022/1/1 12:18:47,86,69
2022/1/1 12:18:48,45,48
2022/1/1 12:18:49,96,17
2022/1/1 12:18:50,11,45
2022/1/1 12:18:51,53,77
2022/1/1 12:18:52,13,53
2022/1/1 12:18:53,45,94
2022/1/1 12:18:54,47,53
2022/1/1 12:18:55,42,5
2022/1/1 12:18:56,40,71
2022/1/1 12:18:57,37,46
2022/1/1 12:18:58,95,97
2022/1/1 12:18:59,75,70
2022/1/1 12:19:00,25,5
2022/1/1 12:19:01,72,90
2022/1/1 12:19:02,29,89
2022/1/1 12:19:03,9,94
2022/1/1 12:19:04,11,5
2022/1/1 12:19:05,9,21
2022/1/1 12:19:06,34,87
2022/1/1 12:19:07,24,67
2022/1/1 12:19:08,66,17
2022/1/1 12:19:09,93,16
2022/1/1 12:19:10,87,33
2022/1/1 12:19:11,21,32
2022/1/1 12:19:12,32,55
2022/1/1 12:19:13,77,43
2022/1/1 12:19:14,88,48
2022/1/1 12:19:15,70,8
2022/1/1 12:19:16,25,71
2022/1/1 12:19:17,1,45
2022/1/1 12:19:18,84,100
2022/1/1 12:19:19,92,67
2022/1/1 12:19:20,69,27
2022/1/1 12:19:21,51,72
2022/1/1 12:19:22,79,68
2022/1/1 12:19:23,74,54
2022/1/1 12:19:24,10,73
2022/1/1 12:19:25,30,95
2022/1/1 12:19:26,8,17
2022/1/1 12:19:27,27,17
2022/1/1 12:19:28,22,70
2022/1/1 12:19:29,74,64
2022/1/1 12:19:30,3,53
2022/1/1 12:19:31,29,10
2022/1/1 12:19:32,48,22
2022/1/1 12:19:33,76,53
2022/1/1 12:19:34,25,18
2022/1/1 12:19:35,34,62
2022/1/1 12:19:36,54,30
2022/1/1 12:19:37,43,63
2022/1/1 12:19:38,39,61
2022/1/1 12:19:39,45,80
2022/1/1 12:19:40,60,78
2022/1/1 12:19:41,97,40
2022/1/1 12:19:42,1,95
2022/1/1 12:19:43,97,47
2022/1/1 12:19:44,10,11
2022/1/1 12:19:45,4,60
2022/1/1 12:19:46,88,59
2022/1/1 12:19:47,9,22
2022/1/1 12:19:48,35,78
2022/1/1 12:19:49,56,45
2022/1/1 12:19:50,86,39
2022/1/1 12:19:51,24,73
2022/1/1 12:19:52,97,17
2022/1/1 12:19:53,28,81
2022/1/1 12:19:54,95,52
2022/1/1 12:19:55,31,94
2022/1/1 12:19:56,27,99
2022/1/1 12:19:57,36,47
2022/1/1 12:19:58,97,54
2022/1/1 12:19:59,38,100
2022/1/1 12:20:00,21,3
2022/1/1 12:20:01,97,6
2022/1/1 12:20:02,19,70
2022/1/1 12:20:03,63,32
2022/1/1 12:20:04,45,8
2022/1/1 12:20:05,63,51
2022/1/1 12:20:06,81,5
2022/1/1 12:20:07,97,24
2022/1/1 12:20:08,74,76
2022/1/1 12:20:09,90,52
2022/1/1 12:20:10,82,37
2022/1/1 12:20:11,4,40
2022/1/1 12:20:12,29,24
2022/1/1 12:20:13,95,99
2022/1/1 12:20:14,78,73
2022/1/1 12:20:15,90,19
2022/1/1 12:20:16,70,75
2022/1/1 12:20:17,93,76
2022/1/1 12:20:18,13,24
2022/1/1 12:20:19,84,1
2022/1/1 12:20:20,65,74
2022/1/1 12:20:21,3,79
2022/1/1 12:20:22,95,51
2022/1/1 12:20:23,2,49
2022/1/1 12:20:24,97,2
2022/1/1 12:20:25,42,59
2022/1/1 12:20:26,69,7
2022/1/1 12:20:27,5,5
2022/1/1 12:20:28,32,98
2022/1/1 12:20:29,32,83
2022/1/1 12:20:30,36,48
2022/1/1 12:20:31,37,43
2022/1/1 12:20:32,45,66
2022/1/1 12:20:33,5,21
2022/1/1 12:20:34,3,39
2022/1/1 12:20:35,79,69
2022/1/1 12:20:36,19,52
2022/1/1 12:20:37,73,92
2022/1/1 12:20:38,80,99
2022/1/1 12:20:39,50,50
2022/1/1 12:20:40,20,26
2022/1/1 12:20:41,72,41
2022/1/1 12:20:42,11,92
2022/1/1 12:20:43,86,49
2022/1/1 12:20:44,44,89
2022/1/1 12:20:45,42,14
2022/1/1 12:20:46,38,45
2022/1/1 12:20:47,8,57
2022/1/1 12:20:48,76,70
2022/1/1 12:20:49,84,93
2022/1/1 12:20:50,21,47
2022/1/1 12:20:51,5,17
2022/1/1 12:20:52,69,30
2022/1/1 12:20:53,77,51
2022/1/1 12:20:54,45,72
2022/1/1 12:20:55,44,35
2022/1/1 12:20:56,100,23
2022/1/1 12:20:57,16,50
2022/1/1 12:20:58,92,96
2022/1/1 12:20:59,6,52
2022/1/1 12:21:00,10,58
2022/1/1 12:21:01,61,6
2022/1/1 12:21:02,65,20
2022/1/1 12:21:03,51,14
2022/1/1 12:21:04,46,48
2022/1/1 12:21:05,49,55
2022/1/1 12:21:06,84,19
2022/1/1 12:21:07,81,57
2022/1/1 12:21:08,75,42
2022/1/1 12:21:09,13,32
2022/1/1 12:21:10,58,77
2022/1/1 12:21:11,42,51
2022/1/1 12:21:12,29,21
2022/1/1 12:21:13,47,96
2022/1/1 12:21:14,92,88
2022/1/1 12:21:15,87,64
2022/1/1 12:21:16,71,49
2022/1/1 12:21:17,45,85
2022/1/1 12:21:18,94,61
2022/1/1 12:21:19,63,8
2022/1/1 12:21:20,25,88
2022/1/1 12:21:21,19,3
2022/1/1 12:21:22,28,99
2022/1/1 12:21:23,22,18
2022/1/1 12:21:24,19,33
2022/1/1 12:21:25,73,84
2022/1/1 12:21:26,58,20
2022/1/1 12:21:27,48,79
2022/1/1 12:21:28,86,93
2022/1/1 12:21:29,64,80
2022/1/1 12:21:30,51,12
2022/1/1 12:21:31,15,47
2022/1/1 12:21:32,85,84
2022/1/1 12:21:33,20,86
2022/1/1 12:21:34,19,59
2022/1/1 12:21:34,15,30
2022/1/1 12:21:35,18,71
2022/1/1 12:21:36,92,34
2022/1/1 12:21:37,56,90
2022/1/1 12:21:38,25,26
2022/1/1 12:21:39,50,73
2022/1/1 12:21:40,62,99
2022/1/1 12:21:41,25,62
2022/1/1 12:21:42,65,51
2022/1/1 12:21:43,92,7
2022/1/1 12:21:44,39,85
2022/1/1 12:21:45,95,8
2022/1/1 12:21:46,12,99
2022/1/1 12:21:47,61,65
2022/1/1 12:21:48,46,36
2022/1/1 12:21:49,96,17
2022/1/1 12:21:50,24,93
2022/1/1 12:21:51,85,68
2022/1/1 12:21:52,29,45
2022/1/1 12:21:53,4,48
2022/1/1 12:21:54,65,76
2022/1/1 12:21:55,40,1
2022/1/1 12:21:56,17,100
2022/1/1 12:21:57,78,17
2022/1/1 12:21:58,57,20
2022/1/1 12:21:59,15,14
2022/1/1 12:22:00,55,16
2022/1/1 12:22:01,67,95
2022/1/1 12:22:02,10,96
2022/1/1 12:22:03,47,38
2022/1/1 12:22:04,32,72
2022/1/1 12:22:05,41,34
2022/1/1 12:22:06,48,60
2022/1/1 12:22:07,47,42
2022/1/1 12:22:08,26,95
2022/1/1 12:22:09,38,9
2022/1/1 12:22:10,79,95
2022/1/1 12:22:11,81,29
2022/1/1 12:22:12,64,31
2022/1/1 12:22:13,26,23
2022/1/1 12:22:14,25,51
2022/1/1 12:22:15,31,71
2022/1/1 12:22:16,70,63
2022/1/1 12:22:17,47,35
2022/1/1 12:22:18,23,64
2022/1/1 12:22:19,87,33
2022/1/1 12:22:20,92,30
2022/1/1 12:22:21,84,48
2022/1/1 12:22:22,57,97
2022/1/1 12:22:23,91,31
2022/1/1 12:22:24,19,53
2022/1/1 12:22:25,99,34
2022/1/1 12:22:26,42,9
2022/1/1 12:22:27,67,32
2022/1/1 12:22:28,68,45
2022/1/1 12:22:29,16,53
2022/1/1 12:22:30,17,34
2022/1/1 12:22:31,68,18
2022/1/1 12:22:32,83,30
2022/1/1 12:22:33,77,49
2022/1/1 12:22:34,23,53
2022/1/1 12:22:35,65,47
2022/1/1 12:22:36,49,66
2022/1/1 12:22:37,21,57
2022/1/1 12:22:38,48,17
2022/1/1 12:22:39,74,8
2022/1/1 12:22:40,17,15
2022/1/1 12:22:41,64,60
2022/1/1 12:22:42,92,86
2022/1/1 12:22:43,87,19
2022/1/1 12:22:44,47,81
2022/1/1 12:22:45,56,15
2022/1/1 12:22:46,4,8
2022/1/1 12:22:47,75,17
2022/1/1 12:22:48,46,64
2022/1/1 12:22:49,24,80
2022/1/1 12:22:50,69,51
2022/1/1 12:22:51,96,47
2022/1/1 12:22:52,53,100
2022/1/1 12:22:53,11,62
2022/1/1 12:22:54,3,94
2022/1/1 12:22:55,6,59
2022/1/1 12:22:56,76,48
2022/1/1 12:22:57,98,83
2022/1/1 12:22:58,31,25
2022/1/1 12:22:59,97,97
2022/1/1 12:23:00,90,18
2022/1/1 12:23:01,53,40
2022/1/1 12:23:02,24,21
2022/1/1 12:23:03,29,22
2022/1/1 12:23:04,57,2
2022/1/1 12:23:05,59,59
2022/1/1 12:23:06,8,90
2022/1/1 12:23:07,28,38
2022/1/1 12:23:08,33,22
2022/1/1 12:23:09,36,7
2022/1/1 12:23:10,28,96
2022/1/1 12:23:11,66,9
2022/1/1 12:23:12,58,30
2022/1/1 12:23:13,71,62
2022/1/1 12:23:14,3,86
2022/1/1 12:23:15,53,36
2022/1/1 12:23:16,19,31
2022/1/1 12:23:17,71,74
2022/1/1 12:23:18,7,98
2022/1/1 12:23:19,74,53
2022/1/1 12:23:20,49,1
2022/1/1 12:23:21,76,61
2022/1/1 12:23:22,32,51
2022/1/1 12:23:23,93,17
2022/1/1 12:23:24,12,59
2022/1/1 12:23:25,91,57
2022/1/1 12:23:26,59,90
2022/1/1 12:23:27,41,2
2022/1/1 12:23:28,7,15
2022/1/1 12:23:29,29,30
2022/1/1 12:23:30,10,90
2022/1/1 12:23:31,6,21
2022/1/1 12:23:32,6,32
2022/1/1 12:23:33,50,16
2022/1/1 12:23:34,13,17
2022/1/1 12:23:35,58,83
2022/1/1 12:23:36,74,40
2022/1/1 12:23:37,69,77
2022/1/1 12:23:38,1,59
2022/1/1 12:23:39,71,48
2022/1/1 12:23:40,22,25
2022/1/1 12:23:41,20,28
2022/1/1 12:23:42,54,61
2022/1/1 12:23:43,66,59
2022/1/1 12:23:44,1,5
2022/1/1 12:23:45,18,55
2022/1/1 12:23:46,6,51
2022/1/1 12:23:47,30,3
2022/1/1 12:23:48,59,72
2022/1/1 12:23:49,32,64
2022/1/1 12:23:50,43,74
2022/1/1 12:23:51,93,46
2022/1/1 12:23:52,66,84
2022/1/1 12:23:53,75,40
2022/1/1 12:23:54,50,69
2022/1/1 12:23:55,73,6
2022/1/1 12:23:56,25,56
2022/1/1 12:23:57,95,46
2022/1/1 12:23:58,32,15
2022/1/1 12:23:59,9,43
2022/1/1 12:24:00,64,60
2022/1/1 12:24:01,6,23
2022/1/1 12:24:02,55,88
2022/1/1 12:24:03,41,63
2022/1/1 12:24:04,17,74
2022/1/1 12:24:05,13,87
2022/1/1 12:24:06,61,22
2022/1/1 12:24:07,64,95
2022/1/1 12:24:08,29,17
2022/1/1 12:24:09,71,20
2022/1/1 12:24:10,60,19
2022/1/1 12:24:11,50,43
2022/1/1 12:24:12,73,81
2022/1/1 12:24:13,24,33
2022/1/1 12:24:14,95,15
2022/1/1 12:24:15,59,90
2022/1/1 12:24:16,6,10
2022/1/1 12:24:17,45,23
2022/1/1 12:24:18,26,92
2022/1/1 12:24:19,68,77
2022/1/1 12:24:20,28,4
2022/1/1 12:24:21,98,60
2022/1/1 12:24:22,64,80
2022/1/1 12:24:23,100,27
2022/1/1 12:24:24,36,61
2022/1/1 12:24:25,28,49
2022/1/1 12:24:26,36,17
2022/1/1 12:24:27,31,51
2022/1/1 12:24:28,10,8
2022/1/1 12:24:29,57,29
2022/1/1 12:24:30,66,59
2022/1/1 12:24:31,77,50
2022/1/1 12:24:32,29,33
2022/1/1 12:24:33,17,38
2022/1/1 12:24:34,59,3
2022/1/1 12:24:35,4,25
2022/1/1 12:24:36,46,90
2022/1/1 12:24:37,24,36
2022/1/1 12:24:38,45,42
2022/1/1 12:24:39,100,56
2022/1/1 12:24:40,12,32
2022/1/1 12:24:41,15,91
2022/1/1 12:24:42,41,17
2022/1/1 12:24:43,90,37
2022/1/1 12:24:44,94,54
2022/1/1 12:24:45,9,60
2022/1/1 12:24:46,37,12
2022/1/1 12:24:47,82,43
2022/1/1 12:24:48,16,94
2022/1/1 12:24:49,4,73
2022/1/1 12:24:50,52,3
2022/1/1 12:24:51,46,28
2022/1/1 12:24:52,44,84
2022/1/1 12:24:53,71,9
2022/1/1 12:24:53,81,20
2022/1/1 12:24:54,94,88
2022/1/1 12:24:55,73,8
2022/1/1 12:24:56,61,79
2022/1/1 12:24:57,98,79
2022/1/1 12:24:58,60,24
2022/1/1 12:24:59,91,79
2022/1/1 12:25:00,50,100
2022/1/1 12:25:01,13,40
2022/1/1 12:25:02,30,86
2022/1/1 12:25:03,39,58
2022/1/1 12:25:04,95,24
2022/1/1 12:25:05,84,37
2022/1/1 12:25:06,44,38
2022/1/1 12:25:07,90,9
2022/1/1 12:25:08,88,34
2022/1/1 12:25:09,91,58
2022/1/1 12:25:10,96,74
2022/1/1 12:25:11,22,89
2022/1/1 12:25:12,10,58
2022/1/1 12:25:13,20,2
2022/1/1 12:25:14,77,69
2022/1/1 12:25:15,80,9
2022/1/1 12:25:16,12,38
2022/1/1 12:25:17,15,4
2022/1/1 12:25:18,4,79
2022/1/1 12:25:19,39,74
2022/1/1 12:25:20,76,75
2022/1/1 12:25:21,51,37
2022/1/1 12:25:22,34,85
2022/1/1 12:25:23,60,80
2022/1/1 12:25:24,58,47
2022/1/1 12:25:25,100,11
2022/1/1 12:25:26,87,7
2022/1/1 12:25:27,57,40
2022/1/1 12:25:28,20,35
2022/1/1 12:25:29,66,65
2022/1/1 12:25:30,24,60
2022/1/1 12:25:31,35,78
2022/1/1 12:25:32,41,31
2022/1/1 12:25:33,80,55
2022/1/1 12:25:34,95,60
2022/1/1 12:25:35,41,51
2022/1/1 12:25:36,21,72
2022/1/1 12:25:37,42,25
2022/1/1 12:25:38,25,66
2022/1/1 12:25:39,23,69
2022/1/1 12:25:40,34,33
2022/1/1 12:25:41,16,92
2022/1/1 12:25:42,96,17
2022/1/1 12:25:43,92,42
2022/1/1 12:25:44,37,19
2022/1/1 12:25:45,7,52
2022/1/1 12:25:46,92,63
2022/1/1 12:25:47,6,64
2022/1/1 12:25:48,83,20
2022/1/1 12:25:49,97,53
2022/1/1 12:25:50,25,3
2022/1/1 12:25:51,71,57
2022/1/1 12:25:52,47,1
2022/1/1 12:25:53,76,90
2022/1/1 12:25:54,23,50
2022/1/1 12:25:55,36,42
2022/1/1 12:25:56,78,41
2022/1/1 12:25:57,18,6
2022/1/1 12:25:58,8,95
2022/1/1 12:25:59,64,58
2022/1/1 12:26:00,96,65
2022/1/1 12:26:01,56,58
2022/1/1 12:26:02,52,60
2022/1/1 12:26:03,61,88
2022/1/1 12:26:04,61,17
2022/1/1 12:26:05,27,26
2022/1/1 12:26:06,75,88
2022/1/1 12:26:07,56,11
2022/1/1 12:26:08,67,5
2022/1/1 12:26:09,87,12
2022/1/1 12:26:10,94,57
2022/1/1 12:26:11,83,42
2022/1/1 12:26:12,2,50
2022/1/1 12:26:13,59,15
2022/1/1 12:26:14,20,54
2022/1/1 12:26:15,50,22
2022/1/1 12:26:16,63,44
2022/1/1 12:26:17,16,22
2022/1/1 12:26:18,58,54
2022/1/1 12:26:19,26,56
2022/1/1 12:26:20,98,100
2022/1/1 12:26:21,45,77
2022/1/1 12:26:22,29,19
2022/1/1 12:26:23,94,75
2022/1/1 12:26:24,28,97
2022/1/1 12:26:25,94,1
2022/1/1 12:26:26,45,71
2022/1/1 12:26:27,34,8
2022/1/1 12:26:28,29,83
2022/1/1 12:26:29,28,88
2022/1/1 12:26:30,48,55
2022/1/1 12:26:31,50,94
2022/1/1 12:26:32,19,51
2022/1/1 12:26:33,47,40
2022/1/1 12:26:34,91,11
2022/1/1 12:26:35,35,44
2022/1/1 12:26:36,15,33
2022/1/1 12:26:37,54,64
2022/1/1 12:26:38,24,43
2022/1/1 12:26:39,44,82
2022/1/1 12:26:40,37,68
2022/1/1 12:26:41,5,51
2022/1/1 12:26:42,2,81
2022/1/1 12:26:43,46,77
2022/1/1 12:26:44,8,20
2022/1/1 12:26:45,78,38
2022/1/1 12:26:46,36,7
2022/1/1 12:26:47,85,45
2022/1/1 12:26:48,4,26
2022/1/1 12:26:49,36,89
2022/1/1 12:26:50,53,88
2022/1/1 12:26:51,59,96
2022/1/1 12:26:52,61,30
2022/1/1 12:26:53,89,56
2022/1/1 12:26:54,60,61
2022/1/1 12:26:55,45,99
2022/1/1 12:26:56,96,8
2022/1/1 12:26:57,19,81
2022/1/1 12:26:58,79,91
2022/1/1 12:26:59,95,74
2022/1/1 12:27:00,73,63
2022/1/1 12:27:01,92,77
2022/1/1 12:27:02,96,93
2022/1/1 12:27:03,16,76
2022/1/1 12:27:04,10,64
2022/1/1 12:27:05,30,14
2022/1/1 12:27:06,19,41
2022/1/1 12:27:07,50,53
2022/1/1 12:27:08,20,23
2022/1/1 12:27:09,73,7
2022/1/1 12:27:10,60,66
2022/1/1 12:27:11,69,28
2022/1/1 12:27:12,7,13
2022/1/1 12:27:13,82,80
2022/1/1 12:27:14,61,39
2022/1/1 12:27:15,27,15
2022/1/1 12:27:16,20,34
2022/1/1 12:27:17,82,56
2022/1/1 12:27:18,29,1
2022/1/1 12:27:19,74,81
2022/1/1 12:27:20,48,91
2022/1/1 12:27:21,16,78
2022/1/1 12:27:22,30,41
2022/1/1 12:27:23,98,87
2022/1/1 12:27:24,33,74
2022/1/1 12:27:25,24,15
2022/1/1 12:27:26,45,66
2022/1/1 12:27:27,39,42
2022/1/1 12:27:28,9,81
2022/1/1 12:27:29,51,7
2022/1/1 12:27:30,72,40
2022/1/1 12:27:31,21,100
2022/1/1 12:27:32,15,65
2022/1/1 12:27:33,47,73
2022/1/1 12:27:34,66,53
2022/1/1 12:27:35,88,19
2022/1/1 12:27:36,21,91
2022/1/1 12:27:37,91,35
2022/1/1 12:27:38,86,80
2022/1/1 12:27:39,13,39
2022/1/1 12:27:40,15,93
2022/1/1 12:27:41,90,1
2022/1/1 12:27:42,90,74
2022/1/1 12:27:43,92,68
2022/1/1 12:27:44,48,12
2022/1/1 12:27:45,73,33
2022/1/1 12:27:46,44,72
2022/1/1 12:27:47,41,83
2022/1/1 12:27:48,3,16
2022/1/1 12:27:49,35,2
2022/1/1 12:27:50,91,76
2022/1/1 12:27:51,55,71
2022/1/1 12:27:52,17,69
2022/1/1 12:27:53,48,42
2022/1/1 12:27:54,57,15
2022/1/1 12:27:55,81,9
2022/1/1 12:27:56,17,11
2022/1/1 12:27:57,35,79
2022/1/1 12:27:58,67,26
2022/1/1 12:27:59,64,12
2022/1/1 12:28:00,16,49
2022/1/1 12:28:01,89,51
2022/1/1 12:28:02,55,97
2022/1/1 12:28:03,47,19
2022/1/1 12:28:04,91,92
2022/1/1 12:28:05,68,66
2022/1/1 12:28:06,5,55
2022/1/1 12:28:07,37,12
2022/1/1 12:28:08,28,78
2022/1/1 12:28:09,22,86
2022/1/1 12:28:10,3,4
2022/1/1 12:28:11,64,81
2022/1/1 12:28:12,32,30
2022/1/1 12:28:12,13,66
2022/1/1 12:28:13,80,94
2022/1/1 12:28:14,56,42
2022/1/1 12:28:15,12,45
2022/1/1 12:28:16,25,89
2022/1/1 12:28:17,43,47
2022/1/1 12:28:18,37,46
2022/1/1 12:28:19,37,12
2022/1/1 12:28:20,14,58
2022/1/1 12:28:21,15,14
2022/1/1 12:28:22,38,59
2022/1/1 12:28:23,48,69
2022/1/1 12:28:24,76,53
2022/1/1 12:28:25,53,85
2022/1/1 12:28:26,42,90
2022/1/1 12:28:27,87,71
2022/1/1 12:28:28,49,68
2022/1/1 12:28:29,27,79
2022/1/1 12:28:30,6,56
2022/1/1 12:28:31,30,50
2022/1/1 12:28:32,52,39
2022/1/1 12:28:33,13,19
2022/1/1 12:28:34,5,83
2022/1/1 12:28:35,69,62
2022/1/1 12:28:36,70,39
2022/1/1 12:28:37,83,19
2022/1/1 12:28:38,86,51
2022/1/1 12:28:39,3,1
2022/1/1 12:28:40,31,35
2022/1/1 12:28:41,86,5
2022/1/1 12:28:42,37,39
2022/1/1 12:28:43,64,44
2022/1/1 12:28:44,62,76
2022/1/1 12:28:45,91,63
2022/1/1 12:28:46,52,7
2022/1/1 12:28:47,87,56
2022/1/1 12:28:48,48,96
2022/1/1 12:28:49,75,59
2022/1/1 12:28:50,77,87
2022/1/1 12:28:51,69,19
2022/1/1 12:28:52,31,74
2022/1/1 12:28:53,57,1
2022/1/1 12:28:54,24,89
2022/1/1 12:28:55,8,42
2022/1/1 12:28:56,14,55
2022/1/1 12:28:57,73,77
2022/1/1 12:28:58,78,97
2022/1/1 12:28:59,49,65
2022/1/1 12:29:00,83,80
2022/1/1 12:29:01,5,79
2022/1/1 12:29:02,82,25
2022/1/1 12:29:03,10,45
2022/1/1 12:29:04,90,27
2022/1/1 12:29:05,5,88
2022/1/1 12:29:06,20,87
2022/1/1 12:29:07,71,74
2022/1/1 12:29:08,55,82
2022/1/1 12:29:09,87,22
2022/1/1 12:29:10,5,42
2022/1/1 12:29:11,66,4
2022/1/1 12:29:12,83,87
2022/1/1 12:29:13,9,4
2022/1/1 12:29:14,4,31
2022/1/1 12:29:15,64,60
2022/1/1 12:29:16,100,20
2022/1/1 12:29:17,1,41
2022/1/1 12:29:18,30,3
2022/1/1 12:29:19,8,73
2022/1/1 12:29:20,22,44
2022/1/1 12:29:21,43,28
2022/1/1 12:29:22,90,98
2022/1/1 12:29:23,34,76
2022/1/1 12:29:24,22,15
2022/1/1 12:29:25,10,88
2022/1/1 12:29:26,13,44
2022/1/1 12:29:27,50,87
2022/1/1 12:29:28,73,84
2022/1/1 12:29:29,75,76
2022/1/1 12:29:30,30,50
2022/1/1 12:29:31,68,71
2022/1/1 12:29:32,28,74
2022/1/1 12:29:33,57,99
2022/1/1 12:29:34,37,76
2022/1/1 12:29:35,79,65
2022/1/1 12:29:36,75,18
2022/1/1 12:29:37,98,17
2022/1/1 12:29:38,78,35
2022/1/1 12:29:39,50,4
2022/1/1 12:29:40,88,33
2022/1/1 12:29:41,10,50
2022/1/1 12:29:42,67,7
2022/1/1 12:29:43,8,11
2022/1/1 12:29:44,88,58
2022/1/1 12:29:45,16,71
2022/1/1 12:29:46,11,81
2022/1/1 12:29:47,81,19
2022/1/1 12:29:48,73,8
2022/1/1 12:29:49,52,7
2022/1/1 12:29:50,57,70
2022/1/1 12:29:51,20,37
2022/1/1 12:29:52,32,24
2022/1/1 12:29:53,4,52
2022/1/1 12:29:54,49,87
2022/1/1 12:29:55,55,30
2022/1/1 12:29:56,38,23
2022/1/1 12:29:57,79,87
2022/1/1 12:29:58,82,23
2022/1/1 12:29:59,26,20
2022/1/1 12:30:00,55,40
2022/1/1 12:30:01,85,32
2022/1/1 12:30:02,46,66
2022/1/1 12:30:03,12,20
2022/1/1 12:30:04,65,4
2022/1/1 12:30:05,53,33
2022/1/1 12:30:06,17,43
2022/1/1 12:30:07,70,24
2022/1/1 12:30:08,25,11
2022/1/1 12:30:09,12,65
2022/1/1 12:30:10,18,11
2022/1/1 12:30:11,86,18
2022/1/1 12:30:12,33,51
2022/1/1 12:30:13,63,88
2022/1/1 12:30:14,100,10
2022/1/1 12:30:15,12,45
2022/1/1 12:30:16,94,96
2022/1/1 12:30:17,69,13
2022/1/1 12:30:18,76,25
2022/1/1 12:30:19,91,16
2022/1/1 12:30:20,47,32
2022/1/1 12:30:21,56,29
2022/1/1 12:30:22,55,90
2022/1/1 12:30:23,95,15
2022/1/1 12:30:24,75,40
2022/1/1 12:30:25,4,79
2022/1/1 12:30:26,59,54
2022/1/1 12:30:27,83,81
2022/1/1 12:30:28,42,7
2022/1/1 12:30:29,36,7
2022/1/1 12:30:30,26,61
